BFS_NR_GEMEINDE;GEMEINDE_NAME;Jahr;Auszahlung_Abschoepfung_in_CHF;Auszahlung_Abschoepfung_in_CHF_pro_Einwohner;;;;;;
4551;Aadorf;2017;;;;;;;;
4711;Affeltrangen;2017;-255698;-102;;;;;;
4641;Altnau;2017;;;;;;;;
4881;Amlikon-Bissegg;2017;-239384;-184;;;;;;
4461;Amriswil;2017;-2519688;-190;;;;;;
4401;Arbon;2017;-3522272;-247;;;;;;
4536;Basadingen-Schlattingen;2017;-121246;-67;;;;;;
4891;Berg;2017;;;;;;;;
4801;Berlingen;2017;60767;69;;;;;;
4716;Bettwiesen;2017;-9376;-8;;;;;;
4721;Bichelsee-Balterswil;2017;;;;;;;;
4901;Birwinken;2017;-666896;-499;;;;;;
4471;Bischofszell;2017;;;;;;;;
4643;Bottighofen;2017;990064;454;;;;;;
4723;Braunau;2017;-14650;-19;;;;;;
4911;Buerglen;2017;;;;;;;;
4921;Bussnang;2017;17134;8;;;;;;
4545;Diessenhofen;2017;;;;;;;;
4406;Dozwil;2017;-103089;-142;;;;;;
4411;Egnach;2017;;;;;;;;
4476;Erlen;2017;-446683;-123;;;;;;
4646;Ermatingen;2017;421784;128;;;;;;
4806;Eschenz;2017;-31666;-18;;;;;;
4724;Eschlikon;2017;25544;6;;;;;;
4561;Felben-Wellhausen;2017;;;;;;;;
4726;Fischingen;2017;-493120;-184;;;;;;
4566;Frauenfeld;2017;-297752;-12;;;;;;
4571;Gachnang;2017;33755;8;;;;;;
4651;Gottlieben;2017;84413;261;;;;;;
4656;Guettingen;2017;;;;;;;;
4486;Hauptwil-Gottshaus;2017;-310842;-162;;;;;;
4416;Hefenhofen;2017;-39776;-32;;;;;;
4811;Herdern;2017;-211761;-207;;;;;;
4495;Hohentannen;2017;-233546;-391;;;;;;
4816;Homburg;2017;-353510;-230;;;;;;
4421;Horn;2017;253403;97;;;;;;
4590;Huettlingen;2017;-207074;-247;;;;;;
4821;Huettwilen;2017;;;;;;;;
4666;Kemmental;2017;-315946;-129;;;;;;
4426;Kesswil;2017;3619;4;;;;;;
4501;Kradolf-Schoenenberg;2017;-384308;-109;;;;;;
4671;Kreuzlingen;2017;-1672477;-78;;;;;;
4681;Langrickenbach;2017;-482950;-378;;;;;;
4683;Lengwil;2017;;;;;;;;
4741;Lommis;2017;;;;;;;;
4826;Mammern;2017;50755;78;;;;;;
4941;Maerstetten;2017;;;;;;;;
4591;Matzingen;2017;;;;;;;;
4831;Muellheim;2017;;;;;;;;
4746;Muenchwilen;2017;;;;;;;;
4691;Muensterlingen;2017;231702;70;;;;;;
4601;Neunforn;2017;46523;47;;;;;;
4841;Pfyn;2017;-53044;-27;;;;;;
4846;Raperswilen;2017;-108463;-277;;;;;;
4751;Rickenbach;2017;-99648;-36;;;;;;
4431;Roggwil;2017;23753;8;;;;;;
4436;Romanshorn;2017;-323100;-30;;;;;;
4851;Salenstein;2017;591712;460;;;;;;
4441;Salmsach;2017;-394164;-272;;;;;;
4546;Schlatt;2017;-19967;-12;;;;;;
4756;Schoenholzerswilen;2017;-374068;-446;;;;;;
4761;Sirnach;2017;;;;;;;;
4446;Sommeri;2017;-194785;-355;;;;;;
4864;Steckborn;2017;;;;;;;;
4606;Stettfurt;2017;79101;66;;;;;;
4506;Sulgen;2017;;0;;;;;;
4696;Taegerwilen;2017;187264;42;;;;;;
4611;Thundorf;2017;-164429;-113;;;;;;
4776;Tobel-Taegerschen;2017;-236789;-149;;;;;;
4616;Uesslingen-Buch;2017;-110392;-103;;;;;;
4451;Uttwil;2017;110282;59;;;;;;
4871;Wagenhausen;2017;-204269;-124;;;;;;
4701;Waeldi;2017;-96600;-92;;;;;;
4781;Waengi;2017;;;;;;;;
4621;Warth-Weiningen;2017;374176;299;;;;;;
4946;Weinfelden;2017;;;;;;;;
4951;Wigoltingen;2017;-126887;-53;;;;;;
4786;Wilen;2017;;;;;;;;
4791;Wuppenau;2017;-211701;-187;;;;;;
4511;Zihlschlacht-Sitterdorf;2017;557920;246;;;;;;
4551;Aadorf;2016;;;;;;;;
4711;Affeltrangen;2016;-262986;-106;;;;;;
4641;Altnau;2016;;;;;;;;
4881;Amlikon-Bissegg;2016;-212520;-161;;;;;;
4461;Amriswil;2016;-2889258;-221;;;;;;
4401;Arbon;2016;-2167332;-153;;;;;;
4536;Basadingen-Schlattingen;2016;-166560;-92;;;;;;
4891;Berg;2016;;;;;;;;
4801;Berlingen;2016;49707;58;;;;;;
4716;Bettwiesen;2016;;;;;;;;
4721;Bichelsee-Balterswil;2016;;;;;;;;
4901;Birwinken;2016;-678828;-501;;;;;;
4471;Bischofszell;2016;;;;;;;;
4643;Bottighofen;2016;900462;416;;;;;;
4723;Braunau;2016;-55044;-73;;;;;;
4911;Buerglen;2016;;;;;;;;
4921;Bussnang;2016;-26293;-12;;;;;;
4545;Diessenhofen;2016;;;;;;;;
4406;Dozwil;2016;-40826;-60;;;;;;
4411;Egnach;2016;;;;;;;;
4476;Erlen;2016;-293872;-81;;;;;;
4646;Ermatingen;2016;340776;107;;;;;;
4806;Eschenz;2016;-43491;-25;;;;;;
4724;Eschlikon;2016;12622;3;;;;;;
4561;Felben-Wellhausen;2016;;;;;;;;
4726;Fischingen;2016;-610392;-231;;;;;;
4566;Frauenfeld;2016;-223834;-9;;;;;;
4571;Gachnang;2016;37234;9;;;;;;
4651;Gottlieben;2016;77159;241;;;;;;
4656;Guettingen;2016;;;;;;;;
4486;Hauptwil-Gottshaus;2016;-249446;-131;;;;;;
4416;Hefenhofen;2016;-63099;-51;;;;;;
4811;Herdern;2016;-209277;-207;;;;;;
4495;Hohentannen;2016;-262732;-429;;;;;;
4816;Homburg;2016;-347300;-230;;;;;;
4421;Horn;2016;235190;91;;;;;;
4590;Huettlingen;2016;-238089;-287;;;;;;
4821;Huettwilen;2016;-67016;-40;;;;;;
4666;Kemmental;2016;-326387;-137;;;;;;
4426;Kesswil;2016;1232;1;;;;;;
4501;Kradolf-Schoenenberg;2016;-499626;-141;;;;;;
4671;Kreuzlingen;2016;-1479948;-69;;;;;;
4681;Langrickenbach;2016;-503230;-395;;;;;;
4683;Lengwil;2016;;;;;;;;
4741;Lommis;2016;-14088;-12;;;;;;
4826;Mammern;2016;40296;64;;;;;;
4941;Maerstetten;2016;;;;;;;;
4591;Matzingen;2016;;;;;;;;
4831;Muellheim;2016;;;;;;;;
4746;Muenchwilen;2016;;;;;;;;
4691;Muensterlingen;2016;202430;64;;;;;;
4601;Neunforn;2016;-413;;;;;;;
4841;Pfyn;2016;-44436;-23;;;;;;
4846;Raperswilen;2016;-143095;-361;;;;;;
4751;Rickenbach;2016;-154896;-56;;;;;;
4431;Roggwil;2016;16745;6;;;;;;
4436;Romanshorn;2016;-242269;-23;;;;;;
4851;Salenstein;2016;577474;451;;;;;;
4441;Salmsach;2016;-352883;-252;;;;;;
4546;Schlatt;2016;-71315;-43;;;;;;
4756;Schoenholzerswilen;2016;-351690;-437;;;;;;
4761;Sirnach;2016;;;;;;;;
4446;Sommeri;2016;-189696;-365;;;;;;
4864;Steckborn;2016;;;;;;;;
4606;Stettfurt;2016;65457;56;;;;;;
4506;Sulgen;2016;-54956;-15;;;;;;
4696;Taegerwilen;2016;183688;42;;;;;;
4611;Thundorf;2016;-178054;-125;;;;;;
4776;Tobel-Taegerschen;2016;-246687;-159;;;;;;
4616;Uesslingen-Buch;2016;-191082;-176;;;;;;
4451;Uttwil;2016;88104;48;;;;;;
4871;Wagenhausen;2016;-196251;-117;;;;;;
4701;Waeldi;2016;-119255;-115;;;;;;
4781;Waengi;2016;;;;;;;;
4621;Warth-Weiningen;2016;277766;224;;;;;;
4946;Weinfelden;2016;-9096;-1;;;;;;
4951;Wigoltingen;2016;-108974;-46;;;;;;
4786;Wilen;2016;;;;;;;;
4791;Wuppenau;2016;-294448;-263;;;;;;
4511;Zihlschlacht-Sitterdorf;2016;492010;219;;;;;;
4551;Aadorf;2015;;;;;;;;
4711;Affeltrangen;2015;-314948;-129;;;;;;
4641;Altnau;2015;;;;;;;;
4881;Amlikon-Bissegg;2015;-323867;-250;;;;;;
4461;Amriswil;2015;-2748699;-216;;;;;;
4401;Arbon;2015;-1690558;-121;;;;;;
4536;Basadingen-Schlattingen;2015;-158152;-89;;;;;;
4891;Berg;2015;;;;;;;;
4801;Berlingen;2015;34487;41;;;;;;
4716;Bettwiesen;2015;3797;3;;;;;;
4721;Bichelsee-Balterswil;2015;;;;;;;;
4901;Birwinken;2015;-624772;-466;;;;;;
4471;Bischofszell;2015;;;;;;;;
4643;Bottighofen;2015;788490;373;;;;;;
4723;Braunau;2015;-148282;-196;;;;;;
4911;Buerglen;2015;-28536;-8;;;;;;
4921;Bussnang;2015;-56137;-25;;;;;;
4545;Diessenhofen;2015;-74487;-21;;;;;;
4406;Dozwil;2015;-48850;-72;;;;;;
4411;Egnach;2015;;;;;;;;
4476;Erlen;2015;-448920;-129;;;;;;
4646;Ermatingen;2015;278111;88;;;;;;
4806;Eschenz;2015;-61898;-37;;;;;;
4724;Eschlikon;2015;;;;;;;;
4561;Felben-Wellhausen;2015;;;;;;;;
4726;Fischingen;2015;-636831;-248;;;;;;
4566;Frauenfeld;2015;-402651;-16;;;;;;
4571;Gachnang;2015;30160;8;;;;;;
4651;Gottlieben;2015;69186;231;;;;;;
4656;Guettingen;2015;;;;;;;;
4486;Hauptwil-Gottshaus;2015;-191004;-100;;;;;;
4416;Hefenhofen;2015;-160385;-131;;;;;;
4811;Herdern;2015;-202446;-207;;;;;;
4495;Hohentannen;2015;-297974;-485;;;;;;
4816;Homburg;2015;-347760;-230;;;;;;
4421;Horn;2015;223176;87;;;;;;
4590;Huettlingen;2015;-276598;-333;;;;;;
4821;Huettwilen;2015;-131296;-81;;;;;;
4666;Kemmental;2015;-340950;-145;;;;;;
4426;Kesswil;2015;2308;2;;;;;;
4501;Kradolf-Schoenenberg;2015;-493260;-140;;;;;;
4671;Kreuzlingen;2015;-1195535;-56;;;;;;
4681;Langrickenbach;2015;-462750;-366;;;;;;
4683;Lengwil;2015;;;;;;;;
4741;Lommis;2015;-27393;-23;;;;;;
4826;Mammern;2015;7425;12;;;;;;
4941;Maerstetten;2015;;0;;;;;;
4591;Matzingen;2015;-5780;-2;;;;;;
4831;Muellheim;2015;-16933;-6;;;;;;
4746;Muenchwilen;2015;;;;;;;;
4691;Muensterlingen;2015;184213;59;;;;;;
4601;Neunforn;2015;-46021;-50;;;;;;
4841;Pfyn;2015;-112382;-58;;;;;;
4846;Raperswilen;2015;-197691;-481;;;;;;
4751;Rickenbach;2015;-195264;-72;;;;;;
4431;Roggwil;2015;58053;20;;;;;;
4436;Romanshorn;2015;-225941;-21;;;;;;
4851;Salenstein;2015;472309;365;;;;;;
4441;Salmsach;2015;-329123;-238;;;;;;
4546;Schlatt;2015;-147729;-90;;;;;;
4756;Schoenholzerswilen;2015;-408073;-513;;;;;;
4761;Sirnach;2015;;;;;;;;
4446;Sommeri;2015;-187904;-362;;;;;;
4864;Steckborn;2015;;;;;;;;
4606;Stettfurt;2015;48756;42;;;;;;
4506;Sulgen;2015;-49113;-14;;;;;;
4696;Taegerwilen;2015;160164;37;;;;;;
4611;Thundorf;2015;-192685;-137;;;;;;
4776;Tobel-Taegerschen;2015;-298838;-198;;;;;;
4616;Uesslingen-Buch;2015;-212775;-197;;;;;;
4451;Uttwil;2015;60265;33;;;;;;
4871;Wagenhausen;2015;-247423;-150;;;;;;
4701;Waeldi;2015;-142140;-138;;;;;;
4781;Waengi;2015;;;;;;;;
4621;Warth-Weiningen;2015;251383;204;;;;;;
4946;Weinfelden;2015;33364;3;;;;;;
4951;Wigoltingen;2015;-129177;-56;;;;;;
4786;Wilen;2015;;;;;;;;
4791;Wuppenau;2015;-440273;-393;;;;;;
4511;Zihlschlacht-Sitterdorf;2015;447134;202;;;;;;
4551;Aadorf;2014;;;;;;;;
4711;Affeltrangen;2014;-146323;-61;;;;;;
4641;Altnau;2014;;;;;;;;
4881;Amlikon-Bissegg;2014;-410247;-315;;;;;;
4461;Amriswil;2014;-2864581;-227;;;;;;
4401;Arbon;2014;-1573943;-112;;;;;;
4536;Basadingen-Schlattingen;2014;-149903;-86;;;;;;
4891;Berg;2014;;0;;;;;;
4801;Berlingen;2014;34806;40;;;;;;
4716;Bettwiesen;2014;8340;7;;;;;;
4721;Bichelsee-Balterswil;2014;;;;;;;;
4901;Birwinken;2014;-534307;-406;;;;;;
4471;Bischofszell;2014;;;;;;;;
4643;Bottighofen;2014;714170;337;;;;;;
4723;Braunau;2014;-234501;-323;;;;;;
4911;Buerglen;2014;;;;;;;;
4921;Bussnang;2014;-123413;-57;;;;;;
4545;Diessenhofen;2014;-97691;-28;;;;;;
4406;Dozwil;2014;-45783;-69;;;;;;
4411;Egnach;2014;;;;;;;;
4476;Erlen;2014;-433326;-133;;;;;;
4646;Ermatingen;2014;268188;87;;;;;;
4806;Eschenz;2014;-73198;-44;;;;;;
4724;Eschlikon;2014;;;;;;;;
4561;Felben-Wellhausen;2014;;;;;;;;
4726;Fischingen;2014;-811816;-320;;;;;;
4566;Frauenfeld;2014;-297997;-12;;;;;;
4571;Gachnang;2014;46315;13;;;;;;
4651;Gottlieben;2014;51193;170;;;;;;
4656;Guettingen;2014;;;;;;;;
4486;Hauptwil-Gottshaus;2014;-256529;-135;;;;;;
4416;Hefenhofen;2014;-291347;-236;;;;;;
4811;Herdern;2014;-204102;-207;;;;;;
4495;Hohentannen;2014;-306374;-496;;;;;;
4816;Homburg;2014;-339480;-230;;;;;;
4421;Horn;2014;217987;84;;;;;;
4590;Huettlingen;2014;-268140;-328;;;;;;
4821;Huettwilen;2014;-186325;-118;;;;;;
4666;Kemmental;2014;-353467;-153;;;;;;
4426;Kesswil;2014;2096;2;;;;;;
4501;Kradolf-Schoenenberg;2014;-505246;-151;;;;;;
4671;Kreuzlingen;2014;-1031030;-50;;;;;;
4681;Langrickenbach;2014;-479355;-392;;;;;;
4683;Lengwil;2014;-11856;-8;;;;;;
4741;Lommis;2014;-40227;-35;;;;;;
4826;Mammern;2014;-7348;-12;;;;;;
4941;Maerstetten;2014;;;;;;;;
4591;Matzingen;2014;;;;;;;;
4831;Muellheim;2014;;;;;;;;
4746;Muenchwilen;2014;;;;;;;;
4691;Muensterlingen;2014;167402;54;;;;;;
4601;Neunforn;2014;-103926;-109;;;;;;
4841;Pfyn;2014;-153838;-80;;;;;;
4846;Raperswilen;2014;-163331;-416;;;;;;
4751;Rickenbach;2014;-86016;-32;;;;;;
4431;Roggwil;2014;80040;28;;;;;;
4436;Romanshorn;2014;-370443;-36;;;;;;
4851;Salenstein;2014;421617;327;;;;;;
4441;Salmsach;2014;-299602;-223;;;;;;
4546;Schlatt;2014;-205161;-126;;;;;;
4756;Schoenholzerswilen;2014;-489644;-595;;;;;;
4761;Sirnach;2014;;0;;;;;;
4446;Sommeri;2014;-163115;-323;;;;;;
4864;Steckborn;2014;-29080;-8;;;;;;
4606;Stettfurt;2014;55958;49;;;;;;
4506;Sulgen;2014;;0;;;;;;
4696;Taegerwilen;2014;130972;31;;;;;;
4611;Thundorf;2014;-228068;-170;;;;;;
4776;Tobel-Taegerschen;2014;-173366;-119;;;;;;
4616;Uesslingen-Buch;2014;-197616;-184;;;;;;
4451;Uttwil;2014;48466;27;;;;;;
4871;Wagenhausen;2014;-313846;-189;;;;;;
4701;Waeldi;2014;-158746;-161;;;;;;
4781;Waengi;2014;;0;;;;;;
4621;Warth-Weiningen;2014;167838;138;;;;;;
4946;Weinfelden;2014;84348;8;;;;;;
4951;Wigoltingen;2014;-203671;-90;;;;;;
4786;Wilen;2014;;0;;;;;;
4791;Wuppenau;2014;-459478;-419;;;;;;
4511;Zihlschlacht-Sitterdorf;2014;45054;21;;;;;;
4551;Aadorf;2013;;;;;;;;
4711;Affeltrangen;2013;-132852;-56;;;;;;
4641;Altnau;2013;;;;;;;;
4881;Amlikon-Bissegg;2013;-434238;-338;;;;;;
4461;Amriswil;2013;-3016349;-241;;;;;;
4401;Arbon;2013;-2054059;-148;;;;;;
4536;Basadingen-Schlattingen;2013;-196880;-115;;;;;;
4891;Berg;2013;;;;;;;;
4801;Berlingen;2013;40988;48;;;;;;
4716;Bettwiesen;2013;;;;;;;;
4721;Bichelsee-Balterswil;2013;;;;;;;;
4901;Birwinken;2013;-538865;-404;;;;;;
4471;Bischofszell;2013;-133104;-24;;;;;;
4643;Bottighofen;2013;685704;325;;;;;;
4723;Braunau;2013;-277254;-390;;;;;;
4911;Buerglen;2013;-27376;-8;;;;;;
4921;Bussnang;2013;-157843;-73;;;;;;
4545;Diessenhofen;2013;-57817;-16;;;;;;
4406;Dozwil;2013;;;;;;;;
4411;Egnach;2013;;;;;;;;
4476;Erlen;2013;-402993;-125;;;;;;
4646;Ermatingen;2013;265437;88;;;;;;
4806;Eschenz;2013;-156906;-96;;;;;;
4724;Eschlikon;2013;;;;;;;;
4561;Felben-Wellhausen;2013;-20288;-8;;;;;;
4726;Fischingen;2013;-896585;-348;;;;;;
4566;Frauenfeld;2013;-328710;-14;;;;;;
4571;Gachnang;2013;55900;16;;;;;;
4651;Gottlieben;2013;38446;132;;;;;;
4656;Guettingen;2013;6629;5;;;;;;
4486;Hauptwil-Gottshaus;2013;-408659;-218;;;;;;
4416;Hefenhofen;2013;-355230;-292;;;;;;
4811;Herdern;2013;-198513;-207;;;;;;
4495;Hohentannen;2013;-305533;-506;;;;;;
4816;Homburg;2013;-432975;-294;;;;;;
4421;Horn;2013;229371;89;;;;;;
4590;Huettlingen;2013;-302128;-369;;;;;;
4821;Huettwilen;2013;-236579;-152;;;;;;
4666;Kemmental;2013;-368690;-161;;;;;;
4426;Kesswil;2013;1329;1;;;;;;
4501;Kradolf-Schoenenberg;2013;-483652;-147;;;;;;
4671;Kreuzlingen;2013;-559353;-27;;;;;;
4681;Langrickenbach;2013;-405731;-354;;;;;;
4683;Lengwil;2013;;;;;;;;
4741;Lommis;2013;-47248;-42;;;;;;
4826;Mammern;2013;-17647;-29;;;;;;
4941;Maerstetten;2013;;;;;;;;
4591;Matzingen;2013;;;;;;;;
4831;Muellheim;2013;-59319;-22;;;;;;
4746;Muenchwilen;2013;;;;;;;;
4691;Muensterlingen;2013;136532;45;;;;;;
4601;Neunforn;2013;-155899;-164;;;;;;
4841;Pfyn;2013;-188274;-97;;;;;;
4846;Raperswilen;2013;-178872;-444;;;;;;
4751;Rickenbach;2013;-103720;-40;;;;;;
4431;Roggwil;2013;96292;33;;;;;;
4436;Romanshorn;2013;-539360;-53;;;;;;
4851;Salenstein;2013;322154;256;;;;;;
4441;Salmsach;2013;-259886;-196;;;;;;
4546;Schlatt;2013;-277298;-171;;;;;;
4756;Schoenholzerswilen;2013;-507325;-635;;;;;;
4761;Sirnach;2013;;;;;;;;
4446;Sommeri;2013;-199946;-395;;;;;;
4864;Steckborn;2013;-227560;-62;;;;;;
4606;Stettfurt;2013;50240;44;;;;;;
4506;Sulgen;2013;;;;;;;;
4696;Taegerwilen;2013;119589;29;;;;;;
4611;Thundorf;2013;-244168;-184;;;;;;
4776;Tobel-Taegerschen;2013;-160076;-113;;;;;;
4616;Uesslingen-Buch;2013;-196144;-184;;;;;;
4451;Uttwil;2013;27999;16;;;;;;
4871;Wagenhausen;2013;-326914;-198;;;;;;
4701;Waeldi;2013;-182712;-184;;;;;;
4781;Waengi;2013;;;;;;;;
4621;Warth-Weiningen;2013;142626;118;;;;;;
4946;Weinfelden;2013;151322;14;;;;;;
4951;Wigoltingen;2013;-179889;-80;;;;;;
4786;Wilen;2013;;;;;;;;
4791;Wuppenau;2013;-539800;-497;;;;;;
4511;Zihlschlacht-Sitterdorf;2013;28231;13;;;;;;
4551;Aadorf;2012;;;;;;;;
4711;Affeltrangen;2012;-30160;-13;;;;;;
4641;Altnau;2012;5811;3;;;;;;
4881;Amlikon-Bissegg;2012;-442826;-346;;;;;;
4461;Amriswil;2012;-3388472;-275;;;;;;
4401;Arbon;2012;-2595072;-190;;;;;;
4536;Basadingen-Schlattingen;2012;-192970;-115;;;;;;
4891;Berg;2012;;;;;;;;
4801;Berlingen;2012;43068;52;;;;;;
4716;Bettwiesen;2012;1032;1;;;;;;
4721;Bichelsee-Balterswil;2012;;;;;;;;
4901;Birwinken;2012;-535835;-422;;;;;;
4471;Bischofszell;2012;-220280;-40;;;;;;
4643;Bottighofen;2012;683408;324;;;;;;
4723;Braunau;2012;-283283;-401;;;;;;
4911;Buerglen;2012;;;;;;;;
4921;Bussnang;2012;-136292;-63;;;;;;
4545;Diessenhofen;2012;-48018;-14;;;;;;
4406;Dozwil;2012;-40690;-63;;;;;;
4411;Egnach;2012;;;;;;;;
4476;Erlen;2012;-151972;-48;;;;;;
4646;Ermatingen;2012;265301;91;;;;;;
4806;Eschenz;2012;-185894;-113;;;;;;
4724;Eschlikon;2012;2846;1;;;;;;
4561;Felben-Wellhausen;2012;-20024;-8;;;;;;
4726;Fischingen;2012;-1029353;-403;;;;;;
4566;Frauenfeld;2012;-88132;-4;;;;;;
4571;Gachnang;2012;48705;14;;;;;;
4651;Gottlieben;2012;45267;144;;;;;;
4656;Guettingen;2012;4624;3;;;;;;
4486;Hauptwil-Gottshaus;2012;-376802;-207;;;;;;
4416;Hefenhofen;2012;-272906;-230;;;;;;
4811;Herdern;2012;-195822;-207;;;;;;
4495;Hohentannen;2012;-286234;-463;;;;;;
4816;Homburg;2012;-451433;-308;;;;;;
4421;Horn;2012;215934;83;;;;;;
4590;Huettlingen;2012;-309524;-380;;;;;;
4821;Huettwilen;2012;-221687;-145;;;;;;
4666;Kemmental;2012;-365792;-161;;;;;;
4426;Kesswil;2012;;;;;;;;
4501;Kradolf-Schoenenberg;2012;-565875;-171;;;;;;
4671;Kreuzlingen;2012;-158464;-8;;;;;;
4681;Langrickenbach;2012;-392110;-345;;;;;;
4683;Lengwil;2012;;;;;;;;
4741;Lommis;2012;-41888;-38;;;;;;
4826;Mammern;2012;-25072;-42;;;;;;
4941;Maerstetten;2012;;;;;;;;
4591;Matzingen;2012;;;;;;;;
4831;Muellheim;2012;-49292;-19;;;;;;
4746;Muenchwilen;2012;;;;;;;;
4691;Muensterlingen;2012;125399;42;;;;;;
4601;Neunforn;2012;-129832;-136;;;;;;
4841;Pfyn;2012;-191636;-98;;;;;;
4846;Raperswilen;2012;-167819;-419;;;;;;
4751;Rickenbach;2012;-183888;-72;;;;;;
4431;Roggwil;2012;66790;23;;;;;;
4436;Romanshorn;2012;;;;;;;;
4851;Salenstein;2012;365943;292;;;;;;
4441;Salmsach;2012;-222396;-168;;;;;;
4546;Schlatt;2012;-253042;-158;;;;;;
4756;Schoenholzerswilen;2012;-456919;-587;;;;;;
4761;Sirnach;2012;;;;;;;;
4446;Sommeri;2012;-206026;-400;;;;;;
4864;Steckborn;2012;-382224;-105;;;;;;
4606;Stettfurt;2012;52749;47;;;;;;
4506;Sulgen;2012;;;;;;;;
4696;Taegerwilen;2012;86479;22;;;;;;
4611;Thundorf;2012;-243984;-184;;;;;;
4776;Tobel-Taegerschen;2012;-80189;-58;;;;;;
4616;Uesslingen-Buch;2012;-196696;-184;;;;;;
4451;Uttwil;2012;20546;12;;;;;;
4871;Wagenhausen;2012;-227473;-141;;;;;;
4701;Waeldi;2012;-213323;-214;;;;;;
4781;Waengi;2012;;;;;;;;
4621;Warth-Weiningen;2012;147800;120;;;;;;
4946;Weinfelden;2012;181218;17;;;;;;
4951;Wigoltingen;2012;-189941;-87;;;;;;
4786;Wilen;2012;;;;;;;;
4791;Wuppenau;2012;-461686;-434;;;;;;
4511;Zihlschlacht-Sitterdorf;2012;15125;7;;;;;;
4551;Aadorf;2011;3380;0;;;;;;
4711;Affeltrangen;2011;-134153;-58;;;;;;
4641;Altnau;2011;1628;1;;;;;;
4881;Amlikon-Bissegg;2011;-310011;-246;;;;;;
4461;Amriswil;2011;-3325929;-274;;;;;;
4401;Arbon;2011;-1985588;-147;;;;;;
4536;Basadingen-Schlattingen;2011;-194810;-115;;;;;;
4891;Berg;2011;;;;;;;;
4801;Berlingen;2011;35411;42;;;;;;
4716;Bettwiesen;2011;;;;;;;;
4721;Bichelsee-Balterswil;2011;;;;;;;;
4901;Birwinken;2011;-562369;-433;;;;;;
4471;Bischofszell;2011;-349568;-64;;;;;;
4643;Bottighofen;2011;674069;322;;;;;;
4723;Braunau;2011;-265712;-388;;;;;;
4911;Buerglen;2011;;;;;;;;
4921;Bussnang;2011;-112384;-53;;;;;;
4545;Diessenhofen;2011;-4536;-1;;;;;;
4406;Dozwil;2011;-36544;-57;;;;;;
4411;Egnach;2011;;;;;;;;
4476;Erlen;2011;-120212;-38;;;;;;
4646;Ermatingen;2011;229587;80;;;;;;
4806;Eschenz;2011;-174326;-105;;;;;;
4724;Eschlikon;2011;11624;3;;;;;;
4561;Felben-Wellhausen;2011;;;;;;;;
4726;Fischingen;2011;-958097;-371;;;;;;
4566;Frauenfeld;2011;-525237;-23;;;;;;
4571;Gachnang;2011;21339;6;;;;;;
4651;Gottlieben;2011;53166;173;;;;;;
4656;Guettingen;2011;;;;;;;;
4486;Hauptwil-Gottshaus;2011;-349733;-192;;;;;;
4416;Hefenhofen;2011;-255420;-215;;;;;;
4811;Herdern;2011;-214022;-226;;;;;;
4495;Hohentannen;2011;-263331;-435;;;;;;
4816;Homburg;2011;-567536;-381;;;;;;
4421;Horn;2011;182247;70;;;;;;
4590;Huettlingen;2011;-307752;-375;;;;;;
4821;Huettwilen;2011;-219951;-147;;;;;;
4666;Kemmental;2011;-367885;-161;;;;;;
4426;Kesswil;2011;;;;;;;;
4501;Kradolf-Schoenenberg;2011;-531176;-162;;;;;;
4671;Kreuzlingen;2011;;;;;;;;
4681;Langrickenbach;2011;-410979;-367;;;;;;
4683;Lengwil;2011;5479;4;;;;;;
4741;Lommis;2011;-38313;-35;;;;;;
4826;Mammern;2011;-21524;-37;;;;;;
4941;Maerstetten;2011;-59520;-24;;;;;;
4591;Matzingen;2011;-39705;-16;;;;;;
4831;Muellheim;2011;;;;;;;;
4746;Muenchwilen;2011;;;;;;;;
4691;Muensterlingen;2011;129015;45;;;;;;
4601;Neunforn;2011;-128039;-132;;;;;;
4841;Pfyn;2011;-142207;-74;;;;;;
4846;Raperswilen;2011;-173290;-438;;;;;;
4751;Rickenbach;2011;-217360;-88;;;;;;
4431;Roggwil;2011;72331;25;;;;;;
4436;Romanshorn;2011;-140000;-14;;;;;;
4851;Salenstein;2011;358441;280;;;;;;
4441;Salmsach;2011;-180009;-138;;;;;;
4546;Schlatt;2011;-250557;-157;;;;;;
4756;Schoenholzerswilen;2011;-429892;-562;;;;;;
4761;Sirnach;2011;;;;;;;;
4446;Sommeri;2011;-198892;-385;;;;;;
4864;Steckborn;2011;-195832;-56;;;;;;
4606;Stettfurt;2011;42267;38;;;;;;
4506;Sulgen;2011;;;;;;;;
4696;Taegerwilen;2011;106450;27;;;;;;
4611;Thundorf;2011;-240488;-184;;;;;;
4776;Tobel-Taegerschen;2011;-141102;-102;;;;;;
4616;Uesslingen-Buch;2011;-195040;-184;;;;;;
4451;Uttwil;2011;3905;2;;;;;;
4871;Wagenhausen;2011;-113087;-70;;;;;;
4701;Waeldi;2011;-273498;-277;;;;;;
4781;Waengi;2011;;;;;;;;
4621;Warth-Weiningen;2011;141386;115;;;;;;
4946;Weinfelden;2011;241358;23;;;;;;
4951;Wigoltingen;2011;-99130;-46;;;;;;
4786;Wilen;2011;;;;;;;;
4791;Wuppenau;2011;-439532;-425;;;;;;
4511;Zihlschlacht-Sitterdorf;2011;37505;18;;;;;;
4551;Aadorf;2010;;;;;;;;
4711;Affeltrangen;2010;-217589;-95;;;;;;
4641;Altnau;2010;;;;;;;;
4881;Amlikon-Bissegg;2010;-389995;-300;;;;;;
4461;Amriswil;2010;-3534302;-297;;;;;;
4401;Arbon;2010;-1373218;-102;;;;;;
4536;Basadingen-Schlattingen;2010;-176101;-104;;;;;;
4891;Berg;2010;;;;;;;;
4801;Berlingen;2010;37574;45;;;;;;
4716;Bettwiesen;2010;;;;;;;;
4721;Bichelsee-Balterswil;2010;;;;;;;;
4901;Birwinken;2010;-493494;-381;;;;;;
4471;Bischofszell;2010;-249120;-45;;;;;;
4643;Bottighofen;2010;672694;324;;;;;;
4723;Braunau;2010;-282038;-417;;;;;;
4911;Buerglen;2010;;;;;;;;
4921;Bussnang;2010;-88283;-42;;;;;;
4545;Diessenhofen;2010;-21196;-6;;;;;;
4406;Dozwil;2010;-71683;-118;;;;;;
4411;Egnach;2010;;;;;;;;
4476;Erlen;2010;-217883;-70;;;;;;
4646;Ermatingen;2010;257221;89;;;;;;
4806;Eschenz;2010;-106334;-64;;;;;;
4724;Eschlikon;2010;;;;;;;;
4561;Felben-Wellhausen;2010;;;;;;;;
4726;Fischingen;2010;-1022939;-399;;;;;;
4566;Frauenfeld;2010;-35095;-2;;;;;;
4571;Gachnang;2010;;;;;;;;
4651;Gottlieben;2010;58839;190;;;;;;
4656;Guettingen;2010;;;;;;;;
4486;Hauptwil-Gottshaus;2010;-352838;-197;;;;;;
4416;Hefenhofen;2010;-280663;-236;;;;;;
4811;Herdern;2010;-283215;-289;;;;;;
4495;Hohentannen;2010;-284664;-480;;;;;;
4816;Homburg;2010;-608104;-416;;;;;;
4421;Horn;2010;143939;56;;;;;;
4590;Huettlingen;2010;-256202;-309;;;;;;
4821;Huettwilen;2010;-189715;-131;;;;;;
4666;Kemmental;2010;-333681;-150;;;;;;
4426;Kesswil;2010;;;;;;;;
4501;Kradolf-Schoenenberg;2010;-549458;-166;;;;;;
4671;Kreuzlingen;2010;-4392;0;;;;;;
4681;Langrickenbach;2010;-476718;-430;;;;;;
4683;Lengwil;2010;20735;15;;;;;;
4741;Lommis;2010;-43440;-40;;;;;;
4826;Mammern;2010;-2487;-4;;;;;;
4941;Maerstetten;2010;-49080;-20;;;;;;
4591;Matzingen;2010;-145981;-58;;;;;;
4831;Muellheim;2010;;;;;;;;
4746;Muenchwilen;2010;;;;;;;;
4691;Muensterlingen;2010;114512;41;;;;;;
4601;Neunforn;2010;-96374;-98;;;;;;
4841;Pfyn;2010;-218428;-113;;;;;;
4846;Raperswilen;2010;-197524;-491;;;;;;
4751;Rickenbach;2010;-138050;-55;;;;;;
4431;Roggwil;2010;80611;28;;;;;;
4436;Romanshorn;2010;-140000;-15;;;;;;
4851;Salenstein;2010;316143;252;;;;;;
4441;Salmsach;2010;-279677;-216;;;;;;
4546;Schlatt;2010;-224460;-140;;;;;;
4756;Schoenholzerswilen;2010;-441711;-574;;;;;;
4761;Sirnach;2010;;;;;;;;
4446;Sommeri;2010;-195934;-378;;;;;;
4864;Steckborn;2010;-17305;-5;;;;;;
4606;Stettfurt;2010;47615;43;;;;;;
4506;Sulgen;2010;;;;;;;;
4696;Taegerwilen;2010;130365;35;;;;;;
4611;Thundorf;2010;-207360;-160;;;;;;
4776;Tobel-Taegerschen;2010;-122682;-89;;;;;;
4616;Uesslingen-Buch;2010;-174895;-166;;;;;;
4451;Uttwil;2010;-8839;-5;;;;;;
4871;Wagenhausen;2010;-32060;-20;;;;;;
4701;Waeldi;2010;-294161;-295;;;;;;
4781;Waengi;2010;;;;;;;;
4621;Warth-Weiningen;2010;147983;123;;;;;;
4946;Weinfelden;2010;217464;21;;;;;;
4951;Wigoltingen;2010;-136827;-64;;;;;;
4786;Wilen;2010;-38139;-19;;;;;;
4791;Wuppenau;2010;-380397;-373;;;;;;
4511;Zihlschlacht-Sitterdorf;2010;;;;;;;;
4551;Aadorf;2009;;;;;;;;
4711;Affeltrangen;2009;-329823;-145;;;;;;
4641;Altnau;2009;;;;;;;;
4881;Amlikon-Bissegg;2009;-421196;-337;;;;;;
4461;Amriswil;2009;-3420482;-292;;;;;;
4401;Arbon;2009;-637128;-48;;;;;;
4536;Basadingen-Schlattingen;2009;-165700;-100;;;;;;
4891;Berg;2009;;;;;;;;
4801;Berlingen;2009;37304;45;;;;;;
4716;Bettwiesen;2009;;;;;;;;
4721;Bichelsee-Balterswil;2009;;;;;;;;
4901;Birwinken;2009;-516671;-397;;;;;;
4471;Bischofszell;2009;-219080;-40;;;;;;
4643;Bottighofen;2009;674288;326;;;;;;
4723;Braunau;2009;-270142;-401;;;;;;
4911;Buerglen;2009;;;;;;;;
4921;Bussnang;2009;-73127;-35;;;;;;
4545;Diessenhofen;2009;3477;1;;;;;;
4406;Dozwil;2009;-51942;-91;;;;;;
4411;Egnach;2009;;;;;;;;
4476;Erlen;2009;-548698;-177;;;;;;
4646;Ermatingen;2009;241593;85;;;;;;
4806;Eschenz;2009;-95962;-59;;;;;;
4724;Eschlikon;2009;;;;;;;;
4561;Felben-Wellhausen;2009;;;;;;;;
4726;Fischingen;2009;-1144240;-440;;;;;;
4566;Frauenfeld;2009;122987;5;;;;;;
4571;Gachnang;2009;;;;;;;;
4651;Gottlieben;2009;60202;191;;;;;;
4656;Guettingen;2009;;;;;;;;
4486;Hauptwil-Gottshaus;2009;-538377;-298;;;;;;
4416;Hefenhofen;2009;-353405;-300;;;;;;
4811;Herdern;2009;-181498;-191;;;;;;
4495;Hohentannen;2009;-342914;-553;;;;;;
4816;Homburg;2009;-697487;-487;;;;;;
4421;Horn;2009;130560;51;;;;;;
4590;Huettlingen;2009;-264514;-314;;;;;;
4821;Huettwilen;2009;-192117;-134;;;;;;
4666;Kemmental;2009;-517431;-234;;;;;;
4426;Kesswil;2009;;;;;;;;
4501;Kradolf-Schoenenberg;2009;-638918;-194;;;;;;
4671;Kreuzlingen;2009;113142;6;;;;;;
4681;Langrickenbach;2009;-550660;-493;;;;;;
4683;Lengwil;2009;40153;31;;;;;;
4741;Lommis;2009;-42720;-40;;;;;;
4826;Mammern;2009;-5735;-10;;;;;;
4941;Maerstetten;2009;;;;;;;;
4591;Matzingen;2009;-91897;-37;;;;;;
4831;Muellheim;2009;-12865;-5;;;;;;
4746;Muenchwilen;2009;;;;;;;;
4691;Muensterlingen;2009;80933;31;;;;;;
4601;Neunforn;2009;-100296;-105;;;;;;
4841;Pfyn;2009;-54766;-28;;;;;;
4846;Raperswilen;2009;-180851;-448;;;;;;
4751;Rickenbach;2009;-137610;-55;;;;;;
4431;Roggwil;2009;70879;25;;;;;;
4436;Romanshorn;2009;-200000;-21;;;;;;
4851;Salenstein;2009;256505;207;;;;;;
4441;Salmsach;2009;-341528;-265;;;;;;
4546;Schlatt;2009;-159500;-100;;;;;;
4756;Schoenholzerswilen;2009;-467419;-606;;;;;;
4761;Sirnach;2009;;;;;;;;
4446;Sommeri;2009;-208805;-409;;;;;;
4864;Steckborn;2009;;;;;;;;
4606;Stettfurt;2009;32485;29;;;;;;
4506;Sulgen;2009;;;;;;;;
4696;Taegerwilen;2009;132273;36;;;;;;
4611;Thundorf;2009;-180880;-140;;;;;;
4776;Tobel-Taegerschen;2009;-42969;-31;;;;;;
4616;Uesslingen-Buch;2009;-166560;-160;;;;;;
4451;Uttwil;2009;-2376;-1;;;;;;
4871;Wagenhausen;2009;;;;;;;;
4701;Waeldi;2009;-353274;-364;;;;;;
4781;Waengi;2009;;;;;;;;
4621;Warth-Weiningen;2009;166624;140;;;;;;
4946;Weinfelden;2009;209457;21;;;;;;
4951;Wigoltingen;2009;-264137;-126;;;;;;
4786;Wilen;2009;-131353;-64;;;;;;
4791;Wuppenau;2009;-414190;-411;;;;;;
4511;Zihlschlacht-Sitterdorf;2009;-50000;-24;;;;;;
4551;Aadorf;2008;;;;;;;;
4711;Affeltrangen;2008;-307927;-137;;;;;;
4641;Altnau;2008;;;;;;;;
4881;Amlikon-Bissegg;2008;-542710;-444;;;;;;
4461;Amriswil;2008;-3554146;-309;;;;;;
4401;Arbon;2008;-839552;-64;;;;;;
4536;Basadingen-Schlattingen;2008;-185613;-111;;;;;;
4891;Berg;2008;;;;;;;;
4801;Berlingen;2008;21417;26;;;;;;
4716;Bettwiesen;2008;-25052;-24;;;;;;
4721;Bichelsee-Balterswil;2008;;;;;;;;
4901;Birwinken;2008;-523983;-414;;;;;;
4471;Bischofszell;2008;-163980;-30;;;;;;
4643;Bottighofen;2008;626642;312;;;;;;
4723;Braunau;2008;-292721;-435;;;;;;
4911;Buerglen;2008;;;;;;;;
4921;Bussnang;2008;-73794;-36;;;;;;
4545;Diessenhofen;2008;-3375;-1;;;;;;
4406;Dozwil;2008;-66544;-121;;;;;;
4411;Egnach;2008;;;;;;;;
4476;Erlen;2008;-624988;-203;;;;;;
4646;Ermatingen;2008;228989;85;;;;;;
4806;Eschenz;2008;-83783;-52;;;;;;
4724;Eschlikon;2008;10826;3;;;;;;
4561;Felben-Wellhausen;2008;;;;;;;;
4726;Fischingen;2008;-1076422;-419;;;;;;
4566;Frauenfeld;2008;514939;23;;;;;;
4571;Gachnang;2008;;;;;;;;
4651;Gottlieben;2008;51972;162;;;;;;
4656;Guettingen;2008;;;;;;;;
4486;Hauptwil-Gottshaus;2008;-539695;-299;;;;;;
4416;Hefenhofen;2008;-372721;-312;;;;;;
4811;Herdern;2008;-198875;-216;;;;;;
4495;Hohentannen;2008;-402030;-662;;;;;;
4816;Homburg;2008;-787530;-550;;;;;;
4421;Horn;2008;123398;51;;;;;;
4590;Huettlingen;2008;-247459;-296;;;;;;
4821;Huettwilen;2008;-190568;-135;;;;;;
4666;Kemmental;2008;-495345;-225;;;;;;
4426;Kesswil;2008;;;;;;;;
4501;Kradolf-Schoenenberg;2008;-706014;-220;;;;;;
4671;Kreuzlingen;2008;281460;16;;;;;;
4681;Langrickenbach;2008;-507956;-462;;;;;;
4683;Lengwil;2008;24249;19;;;;;;
4741;Lommis;2008;-41960;-40;;;;;;
4826;Mammern;2008;7328;13;;;;;;
4941;Maerstetten;2008;;;;;;;;
4591;Matzingen;2008;-29074;-12;;;;;;
4831;Muellheim;2008;-39686;-16;;;;;;
4746;Muenchwilen;2008;;;;;;;;
4691;Muensterlingen;2008;49970;20;;;;;;
4601;Neunforn;2008;-115444;-124;;;;;;
4841;Pfyn;2008;-107806;-57;;;;;;
4846;Raperswilen;2008;-206661;-521;;;;;;
4751;Rickenbach;2008;-115864;-47;;;;;;
4431;Roggwil;2008;48707;17;;;;;;
4436;Romanshorn;2008;;;;;;;;
4851;Salenstein;2008;216717;174;;;;;;
4441;Salmsach;2008;-426670;-327;;;;;;
4546;Schlatt;2008;-157400;-100;;;;;;
4756;Schoenholzerswilen;2008;-446620;-595;;;;;;
4761;Sirnach;2008;;;;;;;;
4446;Sommeri;2008;-206504;-416;;;;;;
4864;Steckborn;2008;;;;;;;;
4606;Stettfurt;2008;38382;35;;;;;;
4506;Sulgen;2008;;;;;;;;
4696;Taegerwilen;2008;119465;33;;;;;;
4611;Thundorf;2008;-260647;-205;;;;;;
4776;Tobel-Taegerschen;2008;;;;;;;;
4616;Uesslingen-Buch;2008;-183259;-175;;;;;;
4451;Uttwil;2008;1325;1;;;;;;
4871;Wagenhausen;2008;-9534;-6;;;;;;
4701;Waeldi;2008;-367440;-383;;;;;;
4781;Waengi;2008;;;;;;;;
4621;Warth-Weiningen;2008;167612;143;;;;;;
4946;Weinfelden;2008;160371;16;;;;;;
4951;Wigoltingen;2008;-404259;-190;;;;;;
4786;Wilen;2008;-133914;-66;;;;;;
4791;Wuppenau;2008;-415511;-412;;;;;;
4511;Zihlschlacht-Sitterdorf;2008;-247117;-122;;;;;;
4551;Aadorf;2007;;;;;;;;
4711;Affeltrangen;2007;;;;;;;;
4641;Altnau;2007;;;;;;;;
4881;Amlikon-Bissegg;2007;-414367;-342;;;;;;
4461;Amriswil;2007;-1549863;-135;;;;;;
4401;Arbon;2007;-369588;-29;;;;;;
4536;Basadingen-Schlattingen;2007;-117850;-70;;;;;;
4891;Berg;2007;;;;;;;;
4801;Berlingen;2007;4616;6;;;;;;
4716;Bettwiesen;2007;;;;;;;;
4721;Bichelsee-Balterswil;2007;;;;;;;;
4901;Birwinken;2007;-420601;-329;;;;;;
4471;Bischofszell;2007;-147447;-27;;;;;;
4643;Bottighofen;2007;403359;208;;;;;;
4723;Braunau;2007;-152540;-230;;;;;;
4911;Buerglen;2007;;;;;;;;
4921;Bussnang;2007;-127870;-64;;;;;;
4545;Diessenhofen;2007;;;;;;;;
4406;Dozwil;2007;-89947;-168;;;;;;
4411;Egnach;2007;;;;;;;;
4476;Erlen;2007;-259504;-85;;;;;;
4646;Ermatingen;2007;166529;63;;;;;;
4806;Eschenz;2007;-23708;-15;;;;;;
4724;Eschlikon;2007;15772;4;;;;;;
4561;Felben-Wellhausen;2007;;;;;;;;
4726;Fischingen;2007;-646273;-252;;;;;;
4566;Frauenfeld;2007;591509;27;;;;;;
4571;Gachnang;2007;;;;;;;;
4651;Gottlieben;2007;42852;133;;;;;;
4656;Guettingen;2007;;;;;;;;
4486;Hauptwil-Gottshaus;2007;-757171;-419;;;;;;
4416;Hefenhofen;2007;-190472;-162;;;;;;
4811;Herdern;2007;-127674;-139;;;;;;
4495;Hohentannen;2007;-307963;-510;;;;;;
4816;Homburg;2007;-577539;-404;;;;;;
4421;Horn;2007;91563;39;;;;;;
4590;Huettlingen;2007;-69904;-84;;;;;;
4821;Huettwilen;2007;-111717;-81;;;;;;
4666;Kemmental;2007;-211018;-98;;;;;;
4426;Kesswil;2007;;;;;;;;
4501;Kradolf-Schoenenberg;2007;-311336;-97;;;;;;
4671;Kreuzlingen;2007;155245;9;;;;;;
4681;Langrickenbach;2007;-404854;-379;;;;;;
4683;Lengwil;2007;;;;;;;;
4741;Lommis;2007;-31000;-30;;;;;;
4826;Mammern;2007;;;;;;;;
4941;Maerstetten;2007;;;;;;;;
4591;Matzingen;2007;;;;;;;;
4831;Muellheim;2007;;;;;;;;
4746;Muenchwilen;2007;;;;;;;;
4691;Muensterlingen;2007;38979;16;;;;;;
4601;Neunforn;2007;-57610;-62;;;;;;
4841;Pfyn;2007;;;;;;;;
4846;Raperswilen;2007;-105396;-265;;;;;;
4751;Rickenbach;2007;;;;;;;;
4431;Roggwil;2007;6373;2;;;;;;
4436;Romanshorn;2007;;;;;;;;
4851;Salenstein;2007;139686;117;;;;;;
4441;Salmsach;2007;-207956;-159;;;;;;
4546;Schlatt;2007;-50788;-33;;;;;;
4756;Schoenholzerswilen;2007;-261727;-350;;;;;;
4761;Sirnach;2007;;;;;;;;
4446;Sommeri;2007;-107969;-224;;;;;;
4864;Steckborn;2007;;;;;;;;
4606;Stettfurt;2007;23213;21;;;;;;
4506;Sulgen;2007;;;;;;;;
4696;Taegerwilen;2007;71448;20;;;;;;
4611;Thundorf;2007;-131214;-105;;;;;;
4776;Tobel-Taegerschen;2007;;;;;;;;
4616;Uesslingen-Buch;2007;-120455;-116;;;;;;
4451;Uttwil;2007;2032;1;;;;;;
4871;Wagenhausen;2007;;;;;;;;
4701;Waeldi;2007;-174971;-182;;;;;;
4781;Waengi;2007;;;;;;;;
4621;Warth-Weiningen;2007;115406;100;;;;;;
4946;Weinfelden;2007;180050;19;;;;;;
4951;Wigoltingen;2007;-165500;-77;;;;;;
4786;Wilen;2007;;;;;;;;
4791;Wuppenau;2007;-462667;-463;;;;;;
4511;Zihlschlacht-Sitterdorf;2007;;;;;;;;
4551;Aadorf;2006;;;;;;;;
4711;Affeltrangen;2006;;;;;;;;
4641;Altnau;2006;;;;;;;;
4881;Amlikon-Bissegg;2006;-391235;-328;;;;;;
4461;Amriswil;2006;-1423031;-124;;;;;;
4401;Arbon;2006;-404738;-32;;;;;;
4536;Basadingen-Schlattingen;2006;-114609;-69;;;;;;
4891;Berg;2006;;;;;;;;
4801;Berlingen;2006;;;;;;;;
4716;Bettwiesen;2006;;;;;;;;
4721;Bichelsee-Balterswil;2006;;;;;;;;
4901;Birwinken;2006;-519849;-405;;;;;;
4471;Bischofszell;2006;-164385;-30;;;;;;
4643;Bottighofen;2006;396572;205;;;;;;
4723;Braunau;2006;-160946;-240;;;;;;
4911;Buerglen;2006;;;;;;;;
4921;Bussnang;2006;-707277;-357;;;;;;
4545;Diessenhofen;2006;13017;4;;;;;;
4406;Dozwil;2006;-89947;-170;;;;;;
4411;Egnach;2006;;;;;;;;
4476;Erlen;2006;-210460;-69;;;;;;
4646;Ermatingen;2006;154901;59;;;;;;
4806;Eschenz;2006;-39646;-25;;;;;;
4724;Eschlikon;2006;26899;8;;;;;;
4561;Felben-Wellhausen;2006;;;;;;;;
4726;Fischingen;2006;-646273;-249;;;;;;
4566;Frauenfeld;2006;849575;39;;;;;;
4571;Gachnang;2006;;;;;;;;
4651;Gottlieben;2006;52904;162;;;;;;
4656;Guettingen;2006;;;;;;;;
4486;Hauptwil-Gottshaus;2006;-657171;-352;;;;;;
4416;Hefenhofen;2006;-142804;-120;;;;;;
4811;Herdern;2006;-143418;-155;;;;;;
4495;Hohentannen;2006;-327416;-547;;;;;;
4816;Homburg;2006;-582146;-406;;;;;;
4421;Horn;2006;94143;40;;;;;;
4590;Huettlingen;2006;-66003;-78;;;;;;
4821;Huettwilen;2006;-137632;-100;;;;;;
4666;Kemmental;2006;-234693;-110;;;;;;
4426;Kesswil;2006;2912;3;;;;;;
4501;Kradolf-Schoenenberg;2006;-271880;-85;;;;;;
4671;Kreuzlingen;2006;446432;25;;;;;;
4681;Langrickenbach;2006;-501637;-469;;;;;;
4683;Lengwil;2006;;;;;;;;
4741;Lommis;2006;-36370;-34;;;;;;
4826;Mammern;2006;11077;20;;;;;;
4941;Maerstetten;2006;;;;;;;;
4591;Matzingen;2006;;;;;;;;
4831;Muellheim;2006;;;;;;;;
4746;Muenchwilen;2006;;;;;;;;
4691;Muensterlingen;2006;36615;15;;;;;;
4601;Neunforn;2006;-74816;-79;;;;;;
4841;Pfyn;2006;;;;;;;;
4846;Raperswilen;2006;-111390;-273;;;;;;
4751;Rickenbach;2006;;;;;;;;
4431;Roggwil;2006;766;0;;;;;;
4436;Romanshorn;2006;19918;2;;;;;;
4851;Salenstein;2006;160263;132;;;;;;
4441;Salmsach;2006;-165820;-125;;;;;;
4546;Schlatt;2006;-69064;-45;;;;;;
4756;Schoenholzerswilen;2006;-288370;-388;;;;;;
4761;Sirnach;2006;;;;;;;;
4446;Sommeri;2006;-84776;-170;;;;;;
4864;Steckborn;2006;;;;;;;;
4606;Stettfurt;2006;33437;31;;;;;;
4506;Sulgen;2006;;;;;;;;
4696;Taegerwilen;2006;61201;17;;;;;;
4611;Thundorf;2006;-149790;-119;;;;;;
4776;Tobel-Taegerschen;2006;;;;;;;;
4616;Uesslingen-Buch;2006;-132550;-128;;;;;;
4451;Uttwil;2006;4290;3;;;;;;
4871;Wagenhausen;2006;;;;;;;;
4701;Waeldi;2006;-214040;-224;;;;;;
4781;Waengi;2006;;;;;;;;
4621;Warth-Weiningen;2006;74134;63;;;;;;
4946;Weinfelden;2006;194452;20;;;;;;
4951;Wigoltingen;2006;-152233;-72;;;;;;
4786;Wilen;2006;;;;;;;;
4791;Wuppenau;2006;-462667;-455;;;;;;
4511;Zihlschlacht-Sitterdorf;2006;;;;;;;;
4551;Aadorf;2005;;;;;;;;
4711;Affeltrangen;2005;-42264;-19;;;;;;
4641;Altnau;2005;;;;;;;;
4881;Amlikon-Bissegg;2005;-343293;-294;;;;;;
4461;Amriswil;2005;-1198889;-105;;;;;;
4401;Arbon;2005;-416424;-32;;;;;;
4536;Basadingen-Schlattingen;2005;-310100;-188;;;;;;
4891;Berg;2005;;;;;;;;
4801;Berlingen;2005;8780;11;;;;;;
4716;Bettwiesen;2005;;;;;;;;
4721;Bichelsee-Balterswil;2005;;;;;;;;
4901;Birwinken;2005;-522134;-404;;;;;;
4471;Bischofszell;2005;-169721;-31;;;;;;
4643;Bottighofen;2005;442702;231;;;;;;
4723;Braunau;2005;-154815;-228;;;;;;
4911;Buerglen;2005;;;;;;;;
4921;Bussnang;2005;-707277;-355;;;;;;
4545;Diessenhofen;2005;35787;11;;;;;;
4406;Dozwil;2005;-89947;-171;;;;;;
4411;Egnach;2005;;;;;;;;
4476;Erlen;2005;;;;;;;;
4646;Ermatingen;2005;134154;52;;;;;;
4806;Eschenz;2005;-28799;-19;;;;;;
4724;Eschlikon;2005;;;;;;;;
4561;Felben-Wellhausen;2005;;;;;;;;
4726;Fischingen;2005;-825353;-319;;;;;;
4566;Frauenfeld;2005;803919;37;;;;;;
4571;Gachnang;2005;;;;;;;;
4651;Gottlieben;2005;52814;185;;;;;;
4656;Guettingen;2005;;;;;;;;
4486;Hauptwil-Gottshaus;2005;-723771;-397;;;;;;
4416;Hefenhofen;2005;-191180;-167;;;;;;
4811;Herdern;2005;-149072;-162;;;;;;
4495;Hohentannen;2005;-310399;-517;;;;;;
4816;Homburg;2005;-626798;-438;;;;;;
4421;Horn;2005;110200;48;;;;;;
4590;Huettlingen;2005;-83410;-99;;;;;;
4821;Huettwilen;2005;-142074;-103;;;;;;
4666;Kemmental;2005;-245800;-114;;;;;;
4426;Kesswil;2005;1790;2;;;;;;
4501;Kradolf-Schoenenberg;2005;-301022;-96;;;;;;
4671;Kreuzlingen;2005;450588;26;;;;;;
4681;Langrickenbach;2005;-577983;-544;;;;;;
4683;Lengwil;2005;;;;;;;;
4741;Lommis;2005;-38369;-37;;;;;;
4826;Mammern;2005;3380;6;;;;;;
4941;Maerstetten;2005;;;;;;;;
4591;Matzingen;2005;;;;;;;;
4831;Muellheim;2005;;;;;;;;
4746;Muenchwilen;2005;255726;55;;;;;;
4691;Muensterlingen;2005;24932;10;;;;;;
4601;Neunforn;2005;-102125;-109;;;;;;
4841;Pfyn;2005;;;;;;;;
4846;Raperswilen;2005;-125058;-306;;;;;;
4751;Rickenbach;2005;;;;;;;;
4431;Roggwil;2005;3389;1;;;;;;
4436;Romanshorn;2005;14101;2;;;;;;
4851;Salenstein;2005;163894;136;;;;;;
4441;Salmsach;2005;-108011;-83;;;;;;
4546;Schlatt;2005;-75168;-49;;;;;;
4756;Schoenholzerswilen;2005;-349794;-479;;;;;;
4761;Sirnach;2005;;;;;;;;
4446;Sommeri;2005;-85880;-177;;;;;;
4864;Steckborn;2005;-51880;-15;;;;;;
4606;Stettfurt;2005;19766;19;;;;;;
4506;Sulgen;2005;;;;;;;;
4696;Taegerwilen;2005;38883;11;;;;;;
4611;Thundorf;2005;-151885;-122;;;;;;
4776;Tobel-Taegerschen;2005;;;;;;;;
4616;Uesslingen-Buch;2005;-142708;-135;;;;;;
4451;Uttwil;2005;3232;2;;;;;;
4871;Wagenhausen;2005;;;;;;;;
4701;Waeldi;2005;-242263;-254;;;;;;
4781;Waengi;2005;;;;;;;;
4621;Warth-Weiningen;2005;45790;38;;;;;;
4946;Weinfelden;2005;214234;22;;;;;;
4951;Wigoltingen;2005;-132290;-64;;;;;;
4786;Wilen;2005;;;;;;;;
4791;Wuppenau;2005;-482667;-497;;;;;;
4511;Zihlschlacht-Sitterdorf;2005;;;;;;;;
4551;Aadorf;2004;;;;;;;;
4711;Affeltrangen;2004;-122263;-55;;;;;;
4641;Altnau;2004;;;;;;;;
4881;Amlikon-Bissegg;2004;-300057;-247;;;;;;
4461;Amriswil;2004;-1089475;-96;;;;;;
4401;Arbon;2004;;;;;;;;
4536;Basadingen-Schlattingen;2004;-203562;-123;;;;;;
4891;Berg;2004;;;;;;;;
4801;Berlingen;2004;13678;18;;;;;;
4716;Bettwiesen;2004;;;;;;;;
4721;Bichelsee-Balterswil;2004;;;;;;;;
4901;Birwinken;2004;-535884;-419;;;;;;
4471;Bischofszell;2004;-180986;-32;;;;;;
4643;Bottighofen;2004;546178;293;;;;;;
4723;Braunau;2004;-177108;-259;;;;;;
4911;Buerglen;2004;;;;;;;;
4921;Bussnang;2004;-773877;-378;;;;;;
4545;Diessenhofen;2004;22253;7;;;;;;
4406;Dozwil;2004;-121260;-240;;;;;;
4411;Egnach;2004;;;;;;;;
4476;Erlen;2004;;;;;;;;
4646;Ermatingen;2004;94082;37;;;;;;
4806;Eschenz;2004;-82913;-54;;;;;;
4724;Eschlikon;2004;;;;;;;;
4561;Felben-Wellhausen;2004;;;;;;;;
4726;Fischingen;2004;-893610;-344;;;;;;
4566;Frauenfeld;2004;697064;32;;;;;;
4571;Gachnang;2004;;;;;;;;
4651;Gottlieben;2004;61735;211;;;;;;
4656;Guettingen;2004;;;;;;;;
4486;Hauptwil-Gottshaus;2004;-657171;-352;;;;;;
4416;Hefenhofen;2004;-162179;-140;;;;;;
4811;Herdern;2004;-164094;-176;;;;;;
4495;Hohentannen;2004;-294489;-509;;;;;;
4816;Homburg;2004;-660514;-458;;;;;;
4421;Horn;2004;122348;52;;;;;;
4590;Huettlingen;2004;-79323;-94;;;;;;
4821;Huettwilen;2004;-159136;-114;;;;;;
4666;Kemmental;2004;-266954;-122;;;;;;
4426;Kesswil;2004;7205;8;;;;;;
4501;Kradolf-Schoenenberg;2004;-412726;-133;;;;;;
4671;Kreuzlingen;2004;411707;24;;;;;;
4681;Langrickenbach;2004;-551189;-523;;;;;;
4683;Lengwil;2004;;;;;;;;
4741;Lommis;2004;-40944;-40;;;;;;
4826;Mammern;2004;5918;10;;;;;;
4941;Maerstetten;2004;;;;;;;;
4591;Matzingen;2004;;;;;;;;
4831;Muellheim;2004;-32694;-13;;;;;;
4746;Muenchwilen;2004;306283;66;;;;;;
4691;Muensterlingen;2004;22525;9;;;;;;
4601;Neunforn;2004;-103932;-106;;;;;;
4841;Pfyn;2004;;;;;;;;
4846;Raperswilen;2004;-151338;-358;;;;;;
4751;Rickenbach;2004;;;;;;;;
4431;Roggwil;2004;3173;1;;;;;;
4436;Romanshorn;2004;36492;4;;;;;;
4851;Salenstein;2004;193914;162;;;;;;
4441;Salmsach;2004;-49179;-38;;;;;;
4546;Schlatt;2004;-78382;-52;;;;;;
4756;Schoenholzerswilen;2004;-425762;-589;;;;;;
4761;Sirnach;2004;;;;;;;;
4446;Sommeri;2004;-89976;-185;;;;;;
4864;Steckborn;2004;;;;;;;;
4606;Stettfurt;2004;16380;16;;;;;;
4506;Sulgen;2004;;;;;;;;
4696;Taegerwilen;2004;27250;8;;;;;;
4611;Thundorf;2004;-182131;-152;;;;;;
4776;Tobel-Taegerschen;2004;;;;;;;;
4616;Uesslingen-Buch;2004;-151084;-144;;;;;;
4451;Uttwil;2004;13349;9;;;;;;
4871;Wagenhausen;2004;;;;;;;;
4701;Waeldi;2004;-296704;-310;;;;;;
4781;Waengi;2004;;;;;;;;
4621;Warth-Weiningen;2004;26154;22;;;;;;
4946;Weinfelden;2004;238644;25;;;;;;
4951;Wigoltingen;2004;-76414;-37;;;;;;
4786;Wilen;2004;;;;;;;;
4791;Wuppenau;2004;-462667;-475;;;;;;
4511;Zihlschlacht-Sitterdorf;2004;;;;;;;;

